DELETE FROM `LONG_SETTING` WHERE REF_CD = 'STRONG_WIND_POSITION';
DELETE FROM `LONG_SETTING` WHERE REF_CD = 'OVERHEAT_POSITION';
INSERT INTO `LONG_SETTING` (REF_CD, VALUE, MODIFIED_TS, `GROUP`, DESCRIPTION, VALUE_TYPE)
VALUES ('LAST_KNOWN_POSITION_HORIZONTAL', 0, '2021-04-21 21:27:38', 'Kolektory',
        'Posledná známa horizontálna pozícia. 0=Sever, 690=Juh', null);

INSERT INTO `LONG_SETTING`   (REF_CD, VALUE, MODIFIED_TS, `GROUP`, DESCRIPTION, VALUE_TYPE)
VALUES ('LAST_KNOWN_POSITION_VERTICAL', 0, '2021-04-21 21:28:53', 'Kolektory',
        'Posledná známa vertikálna pozícia. 0=Západ, 430=Východ', null);

INSERT INTO `LONG_SETTING` (REF_CD, VALUE, MODIFIED_TS, `GROUP`, DESCRIPTION, VALUE_TYPE)
VALUES ('LAST_KNOWN_NORMAL_POSITION_HORIZONTAL', 0, '2021-04-21 21:27:38', 'Kolektory',
        'Posledná horizontálna pozícia podľa rozvrhu. 0=Sever, 690=Juh', null);

INSERT INTO `LONG_SETTING`   (REF_CD, VALUE, MODIFIED_TS, `GROUP`, DESCRIPTION, VALUE_TYPE)
VALUES ('LAST_KNOWN_NORMAL_POSITION_VERTICAL', 0, '2021-04-21 21:28:53', 'Kolektory',
        'Posledná vertikálna pozícia podľa rozvrhu. 0=Západ, 430=Východ', null);


DROP TABLE `SOLAR_SCHEDULE`;
DROP TABLE `SOLAR_POSITION`;
create table `SOLAR_SCHEDULE`
(
	MONTH int not null,
	HORIZONTAL_STEP int not null,
	VERTICAL_STEP int not null,
	SUN_RISE_HOUR int not null,
	SUN_RISE_MINUTE int not null,
	SUN_RISE_ABS_POS_HOR int not null,
	SUN_RISE_ABS_POS_VERT int not null,
	SUN_SET_HOUR int not null,
	SUN_SET_MINUTE int not null,
	SUN_SET_ABS_POS_HOR int not null,
	SUN_SET_ABS_POS_VERT int not null,
	constraint SOLAR_SCHEDULE_pk
		primary key (MONTH)
);


create table `SOLAR_MOVE`
(
	MONTH int not null,
	HOUR int not null,
	MINUTE int not null,
	HORIZONTAL int not null,
	VERTICAL int not null,
	constraint SOLAR_MOVE_pk
		primary key (MONTH, HOUR, MINUTE)
);


INSERT INTO `SOLAR_SCHEDULE`(MONTH,HORIZONTAL_STEP,VERTICAL_STEP,SUN_RISE_HOUR, SUN_RISE_MINUTE, SUN_RISE_ABS_POS_HOR,SUN_RISE_ABS_POS_VERT, SUN_SET_HOUR, SUN_SET_MINUTE, SUN_SET_ABS_POS_HOR,SUN_SET_ABS_POS_VERT) VALUES (1,86,29,6,30,690,430,17,10,0,0);
INSERT INTO `SOLAR_MOVE`(MONTH, HOUR,MINUTE,HORIZONTAL,VERTICAL) VALUES (1,11,40,-1,0);
INSERT INTO `SOLAR_MOVE`(MONTH, HOUR,MINUTE,HORIZONTAL,VERTICAL) VALUES (1,12,10,-1,0);
INSERT INTO `SOLAR_MOVE`(MONTH, HOUR,MINUTE,HORIZONTAL,VERTICAL) VALUES (1,12,40,-1,0);
INSERT INTO `SOLAR_MOVE`(MONTH, HOUR,MINUTE,HORIZONTAL,VERTICAL) VALUES (1,13,10,-1,0);
INSERT INTO `SOLAR_MOVE`(MONTH, HOUR,MINUTE,HORIZONTAL,VERTICAL) VALUES (1,13,40,-1,0);
INSERT INTO `SOLAR_MOVE`(MONTH, HOUR,MINUTE,HORIZONTAL,VERTICAL) VALUES (1,14,10,-1,0);
INSERT INTO `SOLAR_MOVE`(MONTH, HOUR,MINUTE,HORIZONTAL,VERTICAL) VALUES (1,14,40,-1,0);
INSERT INTO `SOLAR_MOVE`(MONTH, HOUR,MINUTE,HORIZONTAL,VERTICAL) VALUES (1,15,10,-1,0);
INSERT INTO `SOLAR_SCHEDULE`(MONTH,HORIZONTAL_STEP,VERTICAL_STEP,SUN_RISE_HOUR, SUN_RISE_MINUTE, SUN_RISE_ABS_POS_HOR,SUN_RISE_ABS_POS_VERT, SUN_SET_HOUR, SUN_SET_MINUTE, SUN_SET_ABS_POS_HOR,SUN_SET_ABS_POS_VERT) VALUES (2,86,29,6,30,690,430,17,10,0,0);
INSERT INTO `SOLAR_MOVE`(MONTH, HOUR,MINUTE,HORIZONTAL,VERTICAL) VALUES (2,10,10,0,-1);
INSERT INTO `SOLAR_MOVE`(MONTH, HOUR,MINUTE,HORIZONTAL,VERTICAL) VALUES (2,11,10,0,-1);
INSERT INTO `SOLAR_MOVE`(MONTH, HOUR,MINUTE,HORIZONTAL,VERTICAL) VALUES (2,11,40,-1,0);
INSERT INTO `SOLAR_MOVE`(MONTH, HOUR,MINUTE,HORIZONTAL,VERTICAL) VALUES (2,12,10,-1,-1);
INSERT INTO `SOLAR_MOVE`(MONTH, HOUR,MINUTE,HORIZONTAL,VERTICAL) VALUES (2,12,40,-1,0);
INSERT INTO `SOLAR_MOVE`(MONTH, HOUR,MINUTE,HORIZONTAL,VERTICAL) VALUES (2,13,10,-1,-1);
INSERT INTO `SOLAR_MOVE`(MONTH, HOUR,MINUTE,HORIZONTAL,VERTICAL) VALUES (2,13,40,-1,0);
INSERT INTO `SOLAR_MOVE`(MONTH, HOUR,MINUTE,HORIZONTAL,VERTICAL) VALUES (2,14,10,-1,1);
INSERT INTO `SOLAR_MOVE`(MONTH, HOUR,MINUTE,HORIZONTAL,VERTICAL) VALUES (2,14,40,-1,0);
INSERT INTO `SOLAR_MOVE`(MONTH, HOUR,MINUTE,HORIZONTAL,VERTICAL) VALUES (2,15,10,-1,1);
INSERT INTO `SOLAR_MOVE`(MONTH, HOUR,MINUTE,HORIZONTAL,VERTICAL) VALUES (2,16,10,0,1);
INSERT INTO `SOLAR_SCHEDULE`(MONTH,HORIZONTAL_STEP,VERTICAL_STEP,SUN_RISE_HOUR, SUN_RISE_MINUTE, SUN_RISE_ABS_POS_HOR,SUN_RISE_ABS_POS_VERT, SUN_SET_HOUR, SUN_SET_MINUTE, SUN_SET_ABS_POS_HOR,SUN_SET_ABS_POS_VERT) VALUES (3,86,29,6,30,690,430,21,0,0,0);
INSERT INTO `SOLAR_MOVE`(MONTH, HOUR,MINUTE,HORIZONTAL,VERTICAL) VALUES (3,8,10,0,-1);
INSERT INTO `SOLAR_MOVE`(MONTH, HOUR,MINUTE,HORIZONTAL,VERTICAL) VALUES (3,9,10,0,-1);
INSERT INTO `SOLAR_MOVE`(MONTH, HOUR,MINUTE,HORIZONTAL,VERTICAL) VALUES (3,10,10,0,-1);
INSERT INTO `SOLAR_MOVE`(MONTH, HOUR,MINUTE,HORIZONTAL,VERTICAL) VALUES (3,11,10,0,-1);
INSERT INTO `SOLAR_MOVE`(MONTH, HOUR,MINUTE,HORIZONTAL,VERTICAL) VALUES (3,11,40,-1,0);
INSERT INTO `SOLAR_MOVE`(MONTH, HOUR,MINUTE,HORIZONTAL,VERTICAL) VALUES (3,12,10,-1,-1);
INSERT INTO `SOLAR_MOVE`(MONTH, HOUR,MINUTE,HORIZONTAL,VERTICAL) VALUES (3,12,40,-1,0);
INSERT INTO `SOLAR_MOVE`(MONTH, HOUR,MINUTE,HORIZONTAL,VERTICAL) VALUES (3,13,10,-1,-1);
INSERT INTO `SOLAR_MOVE`(MONTH, HOUR,MINUTE,HORIZONTAL,VERTICAL) VALUES (3,13,40,-1,0);
INSERT INTO `SOLAR_MOVE`(MONTH, HOUR,MINUTE,HORIZONTAL,VERTICAL) VALUES (3,14,10,-1,1);
INSERT INTO `SOLAR_MOVE`(MONTH, HOUR,MINUTE,HORIZONTAL,VERTICAL) VALUES (3,14,40,-1,0);
INSERT INTO `SOLAR_MOVE`(MONTH, HOUR,MINUTE,HORIZONTAL,VERTICAL) VALUES (3,15,10,-1,1);
INSERT INTO `SOLAR_MOVE`(MONTH, HOUR,MINUTE,HORIZONTAL,VERTICAL) VALUES (3,16,10,0,1);
INSERT INTO `SOLAR_MOVE`(MONTH, HOUR,MINUTE,HORIZONTAL,VERTICAL) VALUES (3,17,10,0,1);
INSERT INTO `SOLAR_MOVE`(MONTH, HOUR,MINUTE,HORIZONTAL,VERTICAL) VALUES (3,18,10,0,1);
INSERT INTO `SOLAR_SCHEDULE`(MONTH,HORIZONTAL_STEP,VERTICAL_STEP,SUN_RISE_HOUR, SUN_RISE_MINUTE, SUN_RISE_ABS_POS_HOR,SUN_RISE_ABS_POS_VERT, SUN_SET_HOUR, SUN_SET_MINUTE, SUN_SET_ABS_POS_HOR,SUN_SET_ABS_POS_VERT) VALUES (4,86,38,6,30,690,430,21,0,0,0);
INSERT INTO `SOLAR_MOVE`(MONTH, HOUR,MINUTE,HORIZONTAL,VERTICAL) VALUES (4,8,10,0,-1);
INSERT INTO `SOLAR_MOVE`(MONTH, HOUR,MINUTE,HORIZONTAL,VERTICAL) VALUES (4,9,10,0,-1);
INSERT INTO `SOLAR_MOVE`(MONTH, HOUR,MINUTE,HORIZONTAL,VERTICAL) VALUES (4,10,10,0,-1);
INSERT INTO `SOLAR_MOVE`(MONTH, HOUR,MINUTE,HORIZONTAL,VERTICAL) VALUES (4,11,10,0,-1);
INSERT INTO `SOLAR_MOVE`(MONTH, HOUR,MINUTE,HORIZONTAL,VERTICAL) VALUES (4,11,40,-1,0);
INSERT INTO `SOLAR_MOVE`(MONTH, HOUR,MINUTE,HORIZONTAL,VERTICAL) VALUES (4,12,10,-1,-1);
INSERT INTO `SOLAR_MOVE`(MONTH, HOUR,MINUTE,HORIZONTAL,VERTICAL) VALUES (4,12,40,-1,0);
INSERT INTO `SOLAR_MOVE`(MONTH, HOUR,MINUTE,HORIZONTAL,VERTICAL) VALUES (4,13,10,-1,-1);
INSERT INTO `SOLAR_MOVE`(MONTH, HOUR,MINUTE,HORIZONTAL,VERTICAL) VALUES (4,13,40,-1,0);
INSERT INTO `SOLAR_MOVE`(MONTH, HOUR,MINUTE,HORIZONTAL,VERTICAL) VALUES (4,14,10,-1,1);
INSERT INTO `SOLAR_MOVE`(MONTH, HOUR,MINUTE,HORIZONTAL,VERTICAL) VALUES (4,14,40,-1,0);
INSERT INTO `SOLAR_MOVE`(MONTH, HOUR,MINUTE,HORIZONTAL,VERTICAL) VALUES (4,15,10,-1,1);
INSERT INTO `SOLAR_MOVE`(MONTH, HOUR,MINUTE,HORIZONTAL,VERTICAL) VALUES (4,16,10,0,1);
INSERT INTO `SOLAR_MOVE`(MONTH, HOUR,MINUTE,HORIZONTAL,VERTICAL) VALUES (4,17,10,0,1);
INSERT INTO `SOLAR_MOVE`(MONTH, HOUR,MINUTE,HORIZONTAL,VERTICAL) VALUES (4,18,10,0,1);
INSERT INTO `SOLAR_SCHEDULE`(MONTH,HORIZONTAL_STEP,VERTICAL_STEP,SUN_RISE_HOUR, SUN_RISE_MINUTE, SUN_RISE_ABS_POS_HOR,SUN_RISE_ABS_POS_VERT, SUN_SET_HOUR, SUN_SET_MINUTE, SUN_SET_ABS_POS_HOR,SUN_SET_ABS_POS_VERT) VALUES (5,86,48,6,30,690,430,21,0,0,0);
INSERT INTO `SOLAR_MOVE`(MONTH, HOUR,MINUTE,HORIZONTAL,VERTICAL) VALUES (5,7,10,0,-1);
INSERT INTO `SOLAR_MOVE`(MONTH, HOUR,MINUTE,HORIZONTAL,VERTICAL) VALUES (5,8,10,0,-1);
INSERT INTO `SOLAR_MOVE`(MONTH, HOUR,MINUTE,HORIZONTAL,VERTICAL) VALUES (5,9,10,0,-1);
INSERT INTO `SOLAR_MOVE`(MONTH, HOUR,MINUTE,HORIZONTAL,VERTICAL) VALUES (5,10,10,0,-1);
INSERT INTO `SOLAR_MOVE`(MONTH, HOUR,MINUTE,HORIZONTAL,VERTICAL) VALUES (5,11,10,0,-1);
INSERT INTO `SOLAR_MOVE`(MONTH, HOUR,MINUTE,HORIZONTAL,VERTICAL) VALUES (5,11,40,-1,0);
INSERT INTO `SOLAR_MOVE`(MONTH, HOUR,MINUTE,HORIZONTAL,VERTICAL) VALUES (5,12,10,-1,-1);
INSERT INTO `SOLAR_MOVE`(MONTH, HOUR,MINUTE,HORIZONTAL,VERTICAL) VALUES (5,12,40,-1,0);
INSERT INTO `SOLAR_MOVE`(MONTH, HOUR,MINUTE,HORIZONTAL,VERTICAL) VALUES (5,13,10,-1,-1);
INSERT INTO `SOLAR_MOVE`(MONTH, HOUR,MINUTE,HORIZONTAL,VERTICAL) VALUES (5,13,40,-1,0);
INSERT INTO `SOLAR_MOVE`(MONTH, HOUR,MINUTE,HORIZONTAL,VERTICAL) VALUES (5,14,10,-1,1);
INSERT INTO `SOLAR_MOVE`(MONTH, HOUR,MINUTE,HORIZONTAL,VERTICAL) VALUES (5,14,40,-1,0);
INSERT INTO `SOLAR_MOVE`(MONTH, HOUR,MINUTE,HORIZONTAL,VERTICAL) VALUES (5,15,10,-1,1);
INSERT INTO `SOLAR_MOVE`(MONTH, HOUR,MINUTE,HORIZONTAL,VERTICAL) VALUES (5,16,10,0,1);
INSERT INTO `SOLAR_MOVE`(MONTH, HOUR,MINUTE,HORIZONTAL,VERTICAL) VALUES (5,17,10,0,1);
INSERT INTO `SOLAR_MOVE`(MONTH, HOUR,MINUTE,HORIZONTAL,VERTICAL) VALUES (5,18,10,0,1);
INSERT INTO `SOLAR_MOVE`(MONTH, HOUR,MINUTE,HORIZONTAL,VERTICAL) VALUES (5,19,10,0,1);
INSERT INTO `SOLAR_SCHEDULE`(MONTH,HORIZONTAL_STEP,VERTICAL_STEP,SUN_RISE_HOUR, SUN_RISE_MINUTE, SUN_RISE_ABS_POS_HOR,SUN_RISE_ABS_POS_VERT, SUN_SET_HOUR, SUN_SET_MINUTE, SUN_SET_ABS_POS_HOR,SUN_SET_ABS_POS_VERT) VALUES (6,86,48,6,30,690,430,21,0,0,0);
INSERT INTO `SOLAR_MOVE`(MONTH, HOUR,MINUTE,HORIZONTAL,VERTICAL) VALUES (6,7,10,0,-1);
INSERT INTO `SOLAR_MOVE`(MONTH, HOUR,MINUTE,HORIZONTAL,VERTICAL) VALUES (6,8,10,0,-1);
INSERT INTO `SOLAR_MOVE`(MONTH, HOUR,MINUTE,HORIZONTAL,VERTICAL) VALUES (6,9,10,0,-1);
INSERT INTO `SOLAR_MOVE`(MONTH, HOUR,MINUTE,HORIZONTAL,VERTICAL) VALUES (6,10,10,0,-1);
INSERT INTO `SOLAR_MOVE`(MONTH, HOUR,MINUTE,HORIZONTAL,VERTICAL) VALUES (6,11,10,0,-1);
INSERT INTO `SOLAR_MOVE`(MONTH, HOUR,MINUTE,HORIZONTAL,VERTICAL) VALUES (6,11,40,-1,0);
INSERT INTO `SOLAR_MOVE`(MONTH, HOUR,MINUTE,HORIZONTAL,VERTICAL) VALUES (6,12,10,-1,-1);
INSERT INTO `SOLAR_MOVE`(MONTH, HOUR,MINUTE,HORIZONTAL,VERTICAL) VALUES (6,12,40,-1,0);
INSERT INTO `SOLAR_MOVE`(MONTH, HOUR,MINUTE,HORIZONTAL,VERTICAL) VALUES (6,13,10,-1,-1);
INSERT INTO `SOLAR_MOVE`(MONTH, HOUR,MINUTE,HORIZONTAL,VERTICAL) VALUES (6,13,40,-1,0);
INSERT INTO `SOLAR_MOVE`(MONTH, HOUR,MINUTE,HORIZONTAL,VERTICAL) VALUES (6,14,10,-1,1);
INSERT INTO `SOLAR_MOVE`(MONTH, HOUR,MINUTE,HORIZONTAL,VERTICAL) VALUES (6,14,40,-1,0);
INSERT INTO `SOLAR_MOVE`(MONTH, HOUR,MINUTE,HORIZONTAL,VERTICAL) VALUES (6,15,10,-1,1);
INSERT INTO `SOLAR_MOVE`(MONTH, HOUR,MINUTE,HORIZONTAL,VERTICAL) VALUES (6,16,10,0,1);
INSERT INTO `SOLAR_MOVE`(MONTH, HOUR,MINUTE,HORIZONTAL,VERTICAL) VALUES (6,17,10,0,1);
INSERT INTO `SOLAR_MOVE`(MONTH, HOUR,MINUTE,HORIZONTAL,VERTICAL) VALUES (6,18,10,0,1);
INSERT INTO `SOLAR_MOVE`(MONTH, HOUR,MINUTE,HORIZONTAL,VERTICAL) VALUES (6,19,10,0,1);
INSERT INTO `SOLAR_SCHEDULE`(MONTH,HORIZONTAL_STEP,VERTICAL_STEP,SUN_RISE_HOUR, SUN_RISE_MINUTE, SUN_RISE_ABS_POS_HOR,SUN_RISE_ABS_POS_VERT, SUN_SET_HOUR, SUN_SET_MINUTE, SUN_SET_ABS_POS_HOR,SUN_SET_ABS_POS_VERT) VALUES (7,86,48,6,30,690,430,21,0,0,0);
INSERT INTO `SOLAR_MOVE`(MONTH, HOUR,MINUTE,HORIZONTAL,VERTICAL) VALUES (7,7,10,0,-1);
INSERT INTO `SOLAR_MOVE`(MONTH, HOUR,MINUTE,HORIZONTAL,VERTICAL) VALUES (7,8,10,0,-1);
INSERT INTO `SOLAR_MOVE`(MONTH, HOUR,MINUTE,HORIZONTAL,VERTICAL) VALUES (7,9,10,0,-1);
INSERT INTO `SOLAR_MOVE`(MONTH, HOUR,MINUTE,HORIZONTAL,VERTICAL) VALUES (7,10,10,0,-1);
INSERT INTO `SOLAR_MOVE`(MONTH, HOUR,MINUTE,HORIZONTAL,VERTICAL) VALUES (7,11,10,0,-1);
INSERT INTO `SOLAR_MOVE`(MONTH, HOUR,MINUTE,HORIZONTAL,VERTICAL) VALUES (7,11,40,-1,0);
INSERT INTO `SOLAR_MOVE`(MONTH, HOUR,MINUTE,HORIZONTAL,VERTICAL) VALUES (7,12,10,-1,-1);
INSERT INTO `SOLAR_MOVE`(MONTH, HOUR,MINUTE,HORIZONTAL,VERTICAL) VALUES (7,12,40,-1,0);
INSERT INTO `SOLAR_MOVE`(MONTH, HOUR,MINUTE,HORIZONTAL,VERTICAL) VALUES (7,13,10,-1,-1);
INSERT INTO `SOLAR_MOVE`(MONTH, HOUR,MINUTE,HORIZONTAL,VERTICAL) VALUES (7,13,40,-1,0);
INSERT INTO `SOLAR_MOVE`(MONTH, HOUR,MINUTE,HORIZONTAL,VERTICAL) VALUES (7,14,10,-1,1);
INSERT INTO `SOLAR_MOVE`(MONTH, HOUR,MINUTE,HORIZONTAL,VERTICAL) VALUES (7,14,40,-1,0);
INSERT INTO `SOLAR_MOVE`(MONTH, HOUR,MINUTE,HORIZONTAL,VERTICAL) VALUES (7,15,10,-1,1);
INSERT INTO `SOLAR_MOVE`(MONTH, HOUR,MINUTE,HORIZONTAL,VERTICAL) VALUES (7,16,10,0,1);
INSERT INTO `SOLAR_MOVE`(MONTH, HOUR,MINUTE,HORIZONTAL,VERTICAL) VALUES (7,17,10,0,1);
INSERT INTO `SOLAR_MOVE`(MONTH, HOUR,MINUTE,HORIZONTAL,VERTICAL) VALUES (7,18,10,0,1);
INSERT INTO `SOLAR_MOVE`(MONTH, HOUR,MINUTE,HORIZONTAL,VERTICAL) VALUES (7,19,10,0,1);
INSERT INTO `SOLAR_SCHEDULE`(MONTH,HORIZONTAL_STEP,VERTICAL_STEP,SUN_RISE_HOUR, SUN_RISE_MINUTE, SUN_RISE_ABS_POS_HOR,SUN_RISE_ABS_POS_VERT, SUN_SET_HOUR, SUN_SET_MINUTE, SUN_SET_ABS_POS_HOR,SUN_SET_ABS_POS_VERT) VALUES (8,86,38,6,30,690,430,21,0,0,0);
INSERT INTO `SOLAR_MOVE`(MONTH, HOUR,MINUTE,HORIZONTAL,VERTICAL) VALUES (8,8,10,0,-1);
INSERT INTO `SOLAR_MOVE`(MONTH, HOUR,MINUTE,HORIZONTAL,VERTICAL) VALUES (8,9,10,0,-1);
INSERT INTO `SOLAR_MOVE`(MONTH, HOUR,MINUTE,HORIZONTAL,VERTICAL) VALUES (8,10,10,0,-1);
INSERT INTO `SOLAR_MOVE`(MONTH, HOUR,MINUTE,HORIZONTAL,VERTICAL) VALUES (8,11,10,0,-1);
INSERT INTO `SOLAR_MOVE`(MONTH, HOUR,MINUTE,HORIZONTAL,VERTICAL) VALUES (8,11,40,-1,0);
INSERT INTO `SOLAR_MOVE`(MONTH, HOUR,MINUTE,HORIZONTAL,VERTICAL) VALUES (8,12,10,-1,-1);
INSERT INTO `SOLAR_MOVE`(MONTH, HOUR,MINUTE,HORIZONTAL,VERTICAL) VALUES (8,12,40,-1,0);
INSERT INTO `SOLAR_MOVE`(MONTH, HOUR,MINUTE,HORIZONTAL,VERTICAL) VALUES (8,13,10,-1,-1);
INSERT INTO `SOLAR_MOVE`(MONTH, HOUR,MINUTE,HORIZONTAL,VERTICAL) VALUES (8,13,40,-1,0);
INSERT INTO `SOLAR_MOVE`(MONTH, HOUR,MINUTE,HORIZONTAL,VERTICAL) VALUES (8,14,10,-1,1);
INSERT INTO `SOLAR_MOVE`(MONTH, HOUR,MINUTE,HORIZONTAL,VERTICAL) VALUES (8,14,40,-1,0);
INSERT INTO `SOLAR_MOVE`(MONTH, HOUR,MINUTE,HORIZONTAL,VERTICAL) VALUES (8,15,10,-1,1);
INSERT INTO `SOLAR_MOVE`(MONTH, HOUR,MINUTE,HORIZONTAL,VERTICAL) VALUES (8,16,10,0,1);
INSERT INTO `SOLAR_MOVE`(MONTH, HOUR,MINUTE,HORIZONTAL,VERTICAL) VALUES (8,17,10,0,1);
INSERT INTO `SOLAR_MOVE`(MONTH, HOUR,MINUTE,HORIZONTAL,VERTICAL) VALUES (8,18,10,0,1);
INSERT INTO `SOLAR_SCHEDULE`(MONTH,HORIZONTAL_STEP,VERTICAL_STEP,SUN_RISE_HOUR, SUN_RISE_MINUTE, SUN_RISE_ABS_POS_HOR,SUN_RISE_ABS_POS_VERT, SUN_SET_HOUR, SUN_SET_MINUTE, SUN_SET_ABS_POS_HOR,SUN_SET_ABS_POS_VERT) VALUES (9,86,29,6,30,690,430,21,0,0,0);
INSERT INTO `SOLAR_MOVE`(MONTH, HOUR,MINUTE,HORIZONTAL,VERTICAL) VALUES (9,8,10,0,-1);
INSERT INTO `SOLAR_MOVE`(MONTH, HOUR,MINUTE,HORIZONTAL,VERTICAL) VALUES (9,9,10,0,-1);
INSERT INTO `SOLAR_MOVE`(MONTH, HOUR,MINUTE,HORIZONTAL,VERTICAL) VALUES (9,10,10,0,-1);
INSERT INTO `SOLAR_MOVE`(MONTH, HOUR,MINUTE,HORIZONTAL,VERTICAL) VALUES (9,11,10,0,-1);
INSERT INTO `SOLAR_MOVE`(MONTH, HOUR,MINUTE,HORIZONTAL,VERTICAL) VALUES (9,11,40,-1,0);
INSERT INTO `SOLAR_MOVE`(MONTH, HOUR,MINUTE,HORIZONTAL,VERTICAL) VALUES (9,12,10,-1,-1);
INSERT INTO `SOLAR_MOVE`(MONTH, HOUR,MINUTE,HORIZONTAL,VERTICAL) VALUES (9,12,40,-1,0);
INSERT INTO `SOLAR_MOVE`(MONTH, HOUR,MINUTE,HORIZONTAL,VERTICAL) VALUES (9,13,10,-1,-1);
INSERT INTO `SOLAR_MOVE`(MONTH, HOUR,MINUTE,HORIZONTAL,VERTICAL) VALUES (9,13,40,-1,0);
INSERT INTO `SOLAR_MOVE`(MONTH, HOUR,MINUTE,HORIZONTAL,VERTICAL) VALUES (9,14,10,-1,1);
INSERT INTO `SOLAR_MOVE`(MONTH, HOUR,MINUTE,HORIZONTAL,VERTICAL) VALUES (9,14,40,-1,0);
INSERT INTO `SOLAR_MOVE`(MONTH, HOUR,MINUTE,HORIZONTAL,VERTICAL) VALUES (9,15,10,-1,1);
INSERT INTO `SOLAR_MOVE`(MONTH, HOUR,MINUTE,HORIZONTAL,VERTICAL) VALUES (9,16,10,0,1);
INSERT INTO `SOLAR_MOVE`(MONTH, HOUR,MINUTE,HORIZONTAL,VERTICAL) VALUES (9,17,10,0,1);
INSERT INTO `SOLAR_MOVE`(MONTH, HOUR,MINUTE,HORIZONTAL,VERTICAL) VALUES (9,18,10,0,1);
INSERT INTO `SOLAR_SCHEDULE`(MONTH,HORIZONTAL_STEP,VERTICAL_STEP,SUN_RISE_HOUR, SUN_RISE_MINUTE, SUN_RISE_ABS_POS_HOR,SUN_RISE_ABS_POS_VERT, SUN_SET_HOUR, SUN_SET_MINUTE, SUN_SET_ABS_POS_HOR,SUN_SET_ABS_POS_VERT) VALUES (10,86,29,6,30,690,430,21,0,0,0);
INSERT INTO `SOLAR_MOVE`(MONTH, HOUR,MINUTE,HORIZONTAL,VERTICAL) VALUES (10,10,10,0,-1);
INSERT INTO `SOLAR_MOVE`(MONTH, HOUR,MINUTE,HORIZONTAL,VERTICAL) VALUES (10,11,10,0,-1);
INSERT INTO `SOLAR_MOVE`(MONTH, HOUR,MINUTE,HORIZONTAL,VERTICAL) VALUES (10,11,40,-1,0);
INSERT INTO `SOLAR_MOVE`(MONTH, HOUR,MINUTE,HORIZONTAL,VERTICAL) VALUES (10,12,10,-1,-1);
INSERT INTO `SOLAR_MOVE`(MONTH, HOUR,MINUTE,HORIZONTAL,VERTICAL) VALUES (10,12,40,-1,0);
INSERT INTO `SOLAR_MOVE`(MONTH, HOUR,MINUTE,HORIZONTAL,VERTICAL) VALUES (10,13,10,-1,-1);
INSERT INTO `SOLAR_MOVE`(MONTH, HOUR,MINUTE,HORIZONTAL,VERTICAL) VALUES (10,13,40,-1,0);
INSERT INTO `SOLAR_MOVE`(MONTH, HOUR,MINUTE,HORIZONTAL,VERTICAL) VALUES (10,14,10,-1,1);
INSERT INTO `SOLAR_MOVE`(MONTH, HOUR,MINUTE,HORIZONTAL,VERTICAL) VALUES (10,14,40,-1,0);
INSERT INTO `SOLAR_MOVE`(MONTH, HOUR,MINUTE,HORIZONTAL,VERTICAL) VALUES (10,15,10,-1,1);
INSERT INTO `SOLAR_MOVE`(MONTH, HOUR,MINUTE,HORIZONTAL,VERTICAL) VALUES (10,16,10,0,1);
INSERT INTO `SOLAR_SCHEDULE`(MONTH,HORIZONTAL_STEP,VERTICAL_STEP,SUN_RISE_HOUR, SUN_RISE_MINUTE, SUN_RISE_ABS_POS_HOR,SUN_RISE_ABS_POS_VERT, SUN_SET_HOUR, SUN_SET_MINUTE, SUN_SET_ABS_POS_HOR,SUN_SET_ABS_POS_VERT) VALUES (11,86,29,6,30,690,430,17,10,0,0);
INSERT INTO `SOLAR_MOVE`(MONTH, HOUR,MINUTE,HORIZONTAL,VERTICAL) VALUES (11,11,40,-1,0);
INSERT INTO `SOLAR_MOVE`(MONTH, HOUR,MINUTE,HORIZONTAL,VERTICAL) VALUES (11,12,10,-1,0);
INSERT INTO `SOLAR_MOVE`(MONTH, HOUR,MINUTE,HORIZONTAL,VERTICAL) VALUES (11,12,40,-1,0);
INSERT INTO `SOLAR_MOVE`(MONTH, HOUR,MINUTE,HORIZONTAL,VERTICAL) VALUES (11,13,10,-1,0);
INSERT INTO `SOLAR_MOVE`(MONTH, HOUR,MINUTE,HORIZONTAL,VERTICAL) VALUES (11,13,40,-1,0);
INSERT INTO `SOLAR_MOVE`(MONTH, HOUR,MINUTE,HORIZONTAL,VERTICAL) VALUES (11,14,10,-1,0);
INSERT INTO `SOLAR_MOVE`(MONTH, HOUR,MINUTE,HORIZONTAL,VERTICAL) VALUES (11,14,40,-1,0);
INSERT INTO `SOLAR_MOVE`(MONTH, HOUR,MINUTE,HORIZONTAL,VERTICAL) VALUES (11,15,10,-1,0);
INSERT INTO `SOLAR_SCHEDULE`(MONTH,HORIZONTAL_STEP,VERTICAL_STEP,SUN_RISE_HOUR, SUN_RISE_MINUTE, SUN_RISE_ABS_POS_HOR,SUN_RISE_ABS_POS_VERT, SUN_SET_HOUR, SUN_SET_MINUTE, SUN_SET_ABS_POS_HOR,SUN_SET_ABS_POS_VERT) VALUES (12,86,29,6,30,690,430,17,10,0,0);
INSERT INTO `SOLAR_MOVE`(MONTH, HOUR,MINUTE,HORIZONTAL,VERTICAL) VALUES (12,11,40,-1,0);
INSERT INTO `SOLAR_MOVE`(MONTH, HOUR,MINUTE,HORIZONTAL,VERTICAL) VALUES (12,12,10,-1,0);
INSERT INTO `SOLAR_MOVE`(MONTH, HOUR,MINUTE,HORIZONTAL,VERTICAL) VALUES (12,12,40,-1,0);
INSERT INTO `SOLAR_MOVE`(MONTH, HOUR,MINUTE,HORIZONTAL,VERTICAL) VALUES (12,13,10,-1,0);
INSERT INTO `SOLAR_MOVE`(MONTH, HOUR,MINUTE,HORIZONTAL,VERTICAL) VALUES (12,13,40,-1,0);
INSERT INTO `SOLAR_MOVE`(MONTH, HOUR,MINUTE,HORIZONTAL,VERTICAL) VALUES (12,14,10,-1,0);
INSERT INTO `SOLAR_MOVE`(MONTH, HOUR,MINUTE,HORIZONTAL,VERTICAL) VALUES (12,14,40,-1,0);
INSERT INTO `SOLAR_MOVE`(MONTH, HOUR,MINUTE,HORIZONTAL,VERTICAL) VALUES (12,15,10,-1,0);
